{"x/lr0":0.002031541194742088,"metrics/precision":0.7674943716293042,"Labels":{"width":1600,"_type":"images/separated","captions":["labels.jpg","labels_correlogram.jpg"],"count":2,"filenames":["media/images/Labels_0_9f3ebe9668edccc2d06c.jpg","media/images/Labels_0_ca41250b65841c8c1c5a.jpg"],"format":"jpg","height":1600},"_timestamp":1.7538114952260246e+09,"Bounding Box Debugger/Images":{"_type":"images/separated"},"val/obj_loss":0.014093946665525436,"train/cls_loss":0.0018171083647757769,"val/box_loss":0.025485415011644363,"metrics/mAP_0.5:0.95":0.5792450210578259,"val/cls_loss":0.007862862199544907,"train/box_loss":0.017685862258076668,"_runtime":129338,"metrics/mAP_0.5":0.7673529582632812,"Mosaics":[],"Validation":[],"x/lr1":0.002031541194742088,"train/obj_loss":0.0140130203217268,"x/lr2":0.002031541194742088,"_step":49,"metrics/recall":0.6951542343418138,"_wandb":{"runtime":129338}}