{"x/lr0":0.002031541194742088,"_timestamp":1.7538114952260246e+09,"x/lr2":0.002031541194742088,"metrics/mAP_0.5:0.95":0.5792450210578259,"train/box_loss":0.017685862258076668,"metrics/mAP_0.5":0.7673529582632812,"Bounding Box Debugger/Images":{"_type":"images/separated"},"val/box_loss":0.025485415011644363,"_wandb":{"runtime":129009},"Mosaics":[],"metrics/recall":0.6951542343418138,"val/cls_loss":0.007862862199544907,"train/cls_loss":0.0018171083647757769,"metrics/precision":0.7674943716293042,"Validation":[],"_runtime":129009,"x/lr1":0.002031541194742088,"train/obj_loss":0.0140130203217268,"Labels":{"_type":"images/separated","captions":["labels.jpg","labels_correlogram.jpg"],"count":2,"filenames":["media/images/Labels_0_9f3ebe9668edccc2d06c.jpg","media/images/Labels_0_ca41250b65841c8c1c5a.jpg"],"format":"jpg","height":1600,"width":1600},"val/obj_loss":0.014093946665525436,"_step":49}